Episodes_trained,Iteration,Epoch,Episode,Critic_loss,Actor_loss,Entropy
1,1,1,1,3242.800048828125,30.692138671875,1.9442354440689087
2,1,1,2,1566.937255859375,22.515010833740234,1.9442015886306763
3,1,1,3,3455.86572265625,32.99627685546875,1.9442100524902344
4,1,1,4,3839.99853515625,33.28205871582031,1.9442428350448608
5,1,1,5,2828.941650390625,28.511058807373047,1.9441734552383423
6,1,1,6,830.1805419921875,18.61458396911621,1.9441673755645752
7,1,1,7,4435.396484375,35.36359786987305,1.9441970586776733
8,1,1,8,1981.3372802734375,25.96870231628418,1.9441401958465576
9,1,1,9,3356.297119140625,30.80451202392578,1.94419264793396
10,1,1,10,3224.2353515625,30.577974319458008,1.9441816806793213
11,1,1,11,41.80549240112305,0.20277561247348785,1.9443588256835938
12,1,1,12,3868.04638671875,33.886444091796875,1.9441651105880737
13,1,1,13,3350.947509765625,31.3317813873291,1.9441962242126465
14,1,1,14,2829.65234375,29.934986114501953,1.944166660308838
15,1,1,15,3228.115966796875,30.92438507080078,1.944266676902771
16,1,1,16,2775.998046875,28.737022399902344,1.9441823959350586
17,1,1,17,2052.426513671875,27.9752197265625,1.9442274570465088
18,1,1,18,3894.388671875,33.12038803100586,1.9441618919372559
19,1,1,19,160.32810974121094,4.942205905914307,1.9440441131591797
20,1,1,20,3592.026611328125,32.1731071472168,1.944270133972168
21,1,1,21,2188.603759765625,26.77378273010254,1.9441643953323364
22,1,1,22,3311.178466796875,31.1326904296875,1.9441698789596558
23,1,1,23,741.9202880859375,16.434127807617188,1.9442026615142822
24,1,1,24,530.5314331054688,12.4354887008667,1.944166660308838
25,1,1,25,1171.351318359375,19.898571014404297,1.9442243576049805
26,1,1,26,3527.4931640625,31.912071228027344,1.9442451000213623
27,1,1,27,2417.445068359375,27.779109954833984,1.944185733795166
28,1,1,28,3409.22314453125,31.383373260498047,1.9442329406738281
29,1,1,29,2244.31298828125,26.129257202148438,1.944214940071106
30,1,1,30,790.5191040039062,16.969738006591797,1.9442545175552368
31,1,1,31,3957.46337890625,33.13059616088867,1.9441412687301636
32,1,1,32,214.68162536621094,7.422053337097168,1.9441782236099243
33,1,1,33,3649.519775390625,32.39132308959961,1.944189429283142
34,1,1,34,3345.373779296875,30.870946884155273,1.9442451000213623
35,1,1,35,338.8801574707031,9.25473403930664,1.9442481994628906
36,1,1,36,1230.724365234375,21.391664505004883,1.9441848993301392
37,1,1,37,517.207275390625,13.773544311523438,1.9442236423492432
38,1,1,38,200.9005126953125,6.694951057434082,1.944128394126892
39,1,1,39,3141.488037109375,30.278820037841797,1.9442460536956787
40,1,1,40,1989.08642578125,25.91642189025879,1.9442461729049683
41,1,1,41,3584.65185546875,32.05412292480469,1.9441795349121094
42,1,1,42,2981.64697265625,29.310651779174805,1.9442167282104492
43,1,1,43,3976.63916015625,34.2562141418457,1.944177269935608
44,1,1,44,2663.881591796875,27.653518676757812,1.9442003965377808
45,1,1,45,1408.33984375,22.548742294311523,1.9441922903060913
46,1,1,46,2362.763427734375,27.246889114379883,1.9442273378372192
47,1,1,47,683.6231079101562,17.780548095703125,1.944189190864563
48,1,1,48,3625.24755859375,32.76808547973633,1.9442042112350464
49,1,1,49,3547.510009765625,32.109764099121094,1.9441933631896973
50,1,1,50,3818.789306640625,33.348915100097656,1.9442254304885864
51,1,2,1,3090.87939453125,28.870603561401367,1.909138798713684
52,1,2,2,1467.227783203125,21.768430709838867,1.9101016521453857
53,1,2,3,3298.71240234375,32.51212692260742,1.90874445438385
54,1,2,4,3673.456298828125,32.48078918457031,1.9087680578231812
55,1,2,5,2685.80224609375,25.863309860229492,1.9088239669799805
56,1,2,6,757.4534301757812,17.4125919342041,1.9084968566894531
57,1,2,7,4253.77880859375,34.17924118041992,1.9082577228546143
58,1,2,8,1863.9559326171875,24.963977813720703,1.9085979461669922
59,1,2,9,3198.869384765625,29.137868881225586,1.9080761671066284
60,1,2,10,3068.94677734375,28.866357803344727,1.9082541465759277
61,1,2,11,25.018278121948242,0.16894006729125977,1.9047476053237915
62,1,2,12,3698.6748046875,33.87690353393555,1.9078021049499512
63,1,2,13,3194.231201171875,29.413105010986328,1.9078173637390137
64,1,2,14,2689.75341796875,28.264102935791016,1.9084326028823853
65,1,2,15,3076.77880859375,28.97182846069336,1.910124659538269
66,1,2,16,2634.027587890625,27.505821228027344,1.9082419872283936
67,1,2,17,1937.42724609375,28.77113151550293,1.9081355333328247
68,1,2,18,3723.099609375,32.00627136230469,1.908145785331726
69,1,2,19,127.80879974365234,3.5647103786468506,1.908598780632019
70,1,2,20,3429.8525390625,30.687620162963867,1.9091836214065552
71,1,2,21,2066.095458984375,25.46161651611328,1.9089457988739014
72,1,2,22,3156.75439453125,29.435014724731445,1.9086552858352661
73,1,2,23,672.328125,15.31635570526123,1.9098317623138428
74,1,2,24,469.2838134765625,11.160996437072754,1.9076993465423584
75,1,2,25,1081.30078125,17.261005401611328,1.9079219102859497
76,1,2,26,3367.41064453125,30.884502410888672,1.9078689813613892
77,1,2,27,2285.49169921875,26.67909812927246,1.90818452835083
78,1,2,28,3249.034423828125,29.808034896850586,1.9080058336257935
79,1,2,29,2121.0830078125,24.59836196899414,1.9097528457641602
80,1,2,30,719.3313598632812,15.5502347946167,1.90914785861969
81,1,2,31,3783.99560546875,32.541770935058594,1.9078236818313599
82,1,2,32,178.0460662841797,7.122961521148682,1.9066736698150635
83,1,2,33,3485.572265625,31.241270065307617,1.9085288047790527
84,1,2,34,3191.14501953125,29.797250747680664,1.9096530675888062
85,1,2,35,293.31317138671875,8.096878051757812,1.9099723100662231
86,1,2,36,1142.03076171875,20.973106384277344,1.9084162712097168
87,1,2,37,458.78411865234375,12.492243766784668,1.9100041389465332
88,1,2,38,168.25979614257812,6.356827259063721,1.9088389873504639
89,1,2,39,2987.983154296875,27.4570255279541,1.9075076580047607
90,1,2,40,1873.06298828125,24.732358932495117,1.9081209897994995
91,1,2,41,3423.430419921875,30.708467483520508,1.9092650413513184
92,1,2,42,2834.826904296875,27.581382751464844,1.9087839126586914
93,1,2,43,3803.51025390625,33.20024871826172,1.9078011512756348
94,1,2,44,2524.538330078125,25.54131507873535,1.9083033800125122
95,1,2,45,1309.4599609375,20.76658821105957,1.9067238569259644
96,1,2,46,2235.840087890625,25.767776489257812,1.9103931188583374
97,1,2,47,623.052490234375,17.897581100463867,1.90941321849823
98,1,2,48,3460.52587890625,30.876209259033203,1.9085544347763062
99,1,2,49,3386.43505859375,30.4885311126709,1.9088330268859863
100,1,2,50,3650.92724609375,32.981815338134766,1.9078830480575562
101,1,3,1,2534.0478515625,28.13184928894043,1.9190000295639038
102,1,3,2,1116.453857421875,21.90045166015625,1.9194145202636719
103,1,3,3,2721.194580078125,30.876953125,1.9189869165420532
104,1,3,4,3062.9287109375,31.552227020263672,1.918829083442688
105,1,3,5,2164.465087890625,25.413759231567383,1.9190558195114136
106,1,3,6,511.8220520019531,17.00139808654785,1.9184257984161377
107,1,3,7,3581.847900390625,34.47105026245117,1.9184280633926392
108,1,3,8,1446.7689208984375,23.90287971496582,1.9186866283416748
109,1,3,9,2620.125732421875,29.394498825073242,1.9188048839569092
110,1,3,10,2501.315185546875,28.635419845581055,1.9187874794006348
111,1,3,11,2.5302584171295166,0.13529124855995178,1.914921760559082
112,1,3,12,3075.1953125,33.065982818603516,1.9181567430496216
113,1,3,13,2619.9873046875,29.01451873779297,1.918318271636963
114,1,3,14,2182.84619140625,29.058555603027344,1.9190666675567627
115,1,3,15,2519.67333984375,28.504566192626953,1.919800043106079
116,1,3,16,2115.860595703125,26.805322647094727,1.9186203479766846
117,1,3,17,1525.31103515625,27.25450897216797,1.9189913272857666
118,1,3,18,3088.6591796875,31.158906936645508,1.9186633825302124
119,1,3,19,40.58418655395508,3.800966739654541,1.919052243232727
120,1,3,20,2832.528076171875,29.973031997680664,1.919264793395996
121,1,3,21,1624.785888671875,24.81850814819336,1.919425368309021
122,1,3,22,2591.183837890625,28.928909301757812,1.9187839031219482
123,1,3,23,441.27252197265625,16.144683837890625,1.9195363521575928
124,1,3,24,271.2647705078125,10.516576766967773,1.918737530708313
125,1,3,25,769.2158813476562,16.924480438232422,1.9181102514266968
126,1,3,26,2779.220947265625,30.946809768676758,1.9184799194335938
127,1,3,27,1808.738037109375,26.745943069458008,1.918518304824829
128,1,3,28,2661.77880859375,29.55123519897461,1.918605923652649
129,1,3,29,1676.8333740234375,24.088909149169922,1.9197181463241577
130,1,3,30,479.9775695800781,15.90247631072998,1.9195528030395508
131,1,3,31,3143.1923828125,31.982982635498047,1.9185489416122437
132,1,3,32,74.66566467285156,7.209326267242432,1.9188023805618286
133,1,3,33,2880.830078125,30.484926223754883,1.9185271263122559
134,1,3,34,2625.1044921875,28.566240310668945,1.9192668199539185
135,1,3,35,150.46490478515625,8.646013259887695,1.9193766117095947
136,1,3,36,833.3135375976562,20.51033592224121,1.9184364080429077
137,1,3,37,267.7817687988281,12.306130409240723,1.9197862148284912
138,1,3,38,78.9049301147461,6.7515869140625,1.9192625284194946
139,1,3,39,2427.118896484375,28.029987335205078,1.9183326959609985
140,1,3,40,1459.9029541015625,23.924285888671875,1.9189587831497192
141,1,3,41,2828.648193359375,30.198463439941406,1.9194201231002808
142,1,3,42,2299.138916015625,27.402318954467773,1.9192332029342651
143,1,3,43,3164.367431640625,32.896644592285156,1.9187179803848267
144,1,3,44,2018.66796875,25.114591598510742,1.9187121391296387
145,1,3,45,961.638427734375,20.729129791259766,1.917447805404663
146,1,3,46,1775.89111328125,25.30419921875,1.919994831085205
147,1,3,47,426.0125732421875,17.323762893676758,1.9192512035369873
148,1,3,48,2853.735107421875,30.209335327148438,1.9190057516098022
149,1,3,49,2791.465576171875,30.03753089904785,1.919325351715088
150,1,3,50,3030.830322265625,31.66094398498535,1.9183602333068848
151,1,4,1,1370.79345703125,23.872051239013672,1.6981995105743408
152,1,4,2,490.19915771484375,17.303783416748047,1.7022614479064941
153,1,4,3,1506.697021484375,22.864856719970703,1.6968950033187866
154,1,4,4,1762.057373046875,23.821918487548828,1.696853756904602
155,1,4,5,1097.7803955078125,23.452072143554688,1.6964707374572754
156,1,4,6,172.61282348632812,14.947258949279785,1.6951719522476196
157,1,4,7,2121.14111328125,25.923810958862305,1.6966747045516968
158,1,4,8,649.3679809570312,19.680259704589844,1.6993335485458374
159,1,4,9,1404.26513671875,24.373159408569336,1.6957244873046875
160,1,4,10,1316.5726318359375,23.610803604125977,1.6941702365875244
161,1,4,11,282.9153137207031,0.154347226023674,1.6801718473434448
162,1,4,12,1748.714111328125,22.58450698852539,1.6925444602966309
163,1,4,13,1421.4940185546875,24.948179244995117,1.6924444437026978
164,1,4,14,1156.2830810546875,23.123762130737305,1.6950734853744507
165,1,4,15,1349.283447265625,24.524181365966797,1.701987624168396
166,1,4,16,1060.5618896484375,21.895570755004883,1.6947696208953857
167,1,4,17,745.367431640625,17.251792907714844,1.6968268156051636
168,1,4,18,1727.80322265625,24.68447494506836,1.6940609216690063
169,1,4,19,112.41521453857422,5.474770545959473,1.7006646394729614
170,1,4,20,1560.626220703125,24.519350051879883,1.700300931930542
171,1,4,21,763.5247192382812,20.349313735961914,1.7001160383224487
172,1,4,22,1407.3856201171875,23.807832717895508,1.6988846063613892
173,1,4,23,135.0950927734375,13.546653747558594,1.6968488693237305
174,1,4,24,57.45474624633789,11.06251335144043,1.6946276426315308
175,1,4,25,256.3380126953125,18.26255226135254,1.6955684423446655
176,1,4,26,1540.2889404296875,24.6043643951416,1.6953774690628052
177,1,4,27,862.549072265625,20.480825424194336,1.6945041418075562
178,1,4,28,1427.2255859375,24.7200870513916,1.6943875551223755
179,1,4,29,805.993408203125,21.459373474121094,1.700296401977539
180,1,4,30,150.35215759277344,15.410418510437012,1.6992297172546387
181,1,4,31,1767.837158203125,23.51358413696289,1.6929963827133179
182,1,4,32,101.91182708740234,6.317228317260742,1.6999996900558472
183,1,4,33,1596.8243408203125,23.590669631958008,1.6949080228805542
184,1,4,34,1433.9727783203125,23.382070541381836,1.700066328048706
185,1,4,35,79.54715728759766,8.665521621704102,1.6958022117614746
186,1,4,36,329.0016784667969,16.071895599365234,1.6954190731048584
187,1,4,37,64.52499389648438,12.049094200134277,1.6997342109680176
188,1,4,38,143.43592834472656,5.546954154968262,1.6998628377914429
189,1,4,39,1265.4837646484375,25.850372314453125,1.692150592803955
190,1,4,40,680.59521484375,18.643104553222656,1.6957218647003174
191,1,4,41,1564.5029296875,24.972156524658203,1.6991908550262451
192,1,4,42,1191.7816162109375,23.035581588745117,1.6987433433532715
193,1,4,43,1792.6787109375,25.537038803100586,1.6938998699188232
194,1,4,44,993.3674926757812,22.7095890045166,1.697248935699463
195,1,4,45,362.6905822753906,19.04206085205078,1.6898458003997803
196,1,4,46,861.1326293945312,21.05241584777832,1.7034300565719604
197,1,4,47,210.18502807617188,11.216148376464844,1.696798324584961
198,1,4,48,1563.263916015625,25.007251739501953,1.6967579126358032
199,1,4,49,1531.5831298828125,24.54898452758789,1.6975183486938477
200,1,4,50,1708.645263671875,23.34139633178711,1.6950962543487549
201,1,5,1,354.3789978027344,16.679317474365234,1.1765539646148682
202,1,5,2,671.0634155273438,11.559392929077148,1.1885347366333008
203,1,5,3,382.61517333984375,15.755234718322754,1.171881079673767
204,1,5,4,437.451904296875,17.415956497192383,1.172927975654602
205,1,5,5,311.102783203125,16.105518341064453,1.1728103160858154
206,1,5,6,1083.5875244140625,9.253033638000488,1.162527084350586
207,1,5,7,438.8106384277344,16.468568801879883,1.1689982414245605
208,1,5,8,469.17926025390625,11.739951133728027,1.1795518398284912
209,1,5,9,286.3480529785156,16.084070205688477,1.167628288269043
210,1,5,10,280.1446533203125,15.725015640258789,1.164094090461731
211,1,5,11,2802.2548828125,0.24333077669143677,1.0999475717544556
212,1,5,12,410.6438903808594,14.080930709838867,1.158021330833435
213,1,5,13,369.9193115234375,16.58614730834961,1.1592791080474854
214,1,5,14,472.8677062988281,15.282590866088867,1.167249083518982
215,1,5,15,284.79449462890625,18.531513214111328,1.1867244243621826
216,1,5,16,320.49932861328125,13.869664192199707,1.16470205783844
217,1,5,17,618.2717895507812,10.022223472595215,1.1719424724578857
218,1,5,18,292.9669189453125,16.591243743896484,1.1626254320144653
219,1,5,19,1930.0220947265625,3.7920689582824707,1.1787354946136475
220,1,5,20,273.43182373046875,17.743244171142578,1.1828316450119019
221,1,5,21,420.04833984375,15.625518798828125,1.1832534074783325
222,1,5,22,345.5186767578125,15.898053169250488,1.1746864318847656
223,1,5,23,1084.8865966796875,7.66345739364624,1.1764249801635742
224,1,5,24,1246.4183349609375,7.580216407775879,1.1657979488372803
225,1,5,25,763.7205200195312,12.809713363647461,1.1661931276321411
226,1,5,26,378.8126525878906,15.12957763671875,1.1647857427597046
227,1,5,27,373.0232238769531,16.082725524902344,1.166456699371338
228,1,5,28,275.1651916503906,16.679401397705078,1.1653881072998047
229,1,5,29,440.9870300292969,15.342516899108887,1.1835986375808716
230,1,5,30,1032.2139892578125,9.183889389038086,1.1835365295410156
231,1,5,31,305.2648620605469,15.07485580444336,1.1596862077713013
232,1,5,32,1791.8681640625,3.2830286026000977,1.1825230121612549
233,1,5,33,326.9189147949219,15.771369934082031,1.1670403480529785
234,1,5,34,332.312744140625,14.778400421142578,1.182950496673584
235,1,5,35,1603.8828125,5.0876946449279785,1.1674742698669434
236,1,5,36,854.6884155273438,9.948887825012207,1.1659618616104126
237,1,5,37,1242.431640625,8.056142807006836,1.1801875829696655
238,1,5,38,1940.85546875,2.8945260047912598,1.1816861629486084
239,1,5,39,297.3520812988281,16.967254638671875,1.1588104963302612
240,1,5,40,568.1721801757812,12.624048233032227,1.1673012971878052
241,1,5,41,301.21441650390625,17.201740264892578,1.180773377418518
242,1,5,42,295.8575439453125,14.731553077697754,1.1775497198104858
243,1,5,43,328.9541015625,16.519739151000977,1.1637840270996094
244,1,5,44,302.35101318359375,15.210064888000488,1.173575758934021
245,1,5,45,714.8754272460938,12.43348503112793,1.1504167318344116
246,1,5,46,366.765869140625,16.144304275512695,1.1929148435592651
247,1,5,47,1368.3125,6.092541694641113,1.177530288696289
248,1,5,48,265.029052734375,19.457700729370117,1.1715775728225708
249,1,5,49,296.6435241699219,16.09656524658203,1.1731306314468384
250,1,5,50,356.06719970703125,15.163649559020996,1.1648629903793335
251,1,6,1,476.7528381347656,23.2457275390625,1.67653489112854
252,1,6,2,1105.8934326171875,17.893239974975586,1.6819080114364624
253,1,6,3,477.8622131347656,23.091474533081055,1.6751459836959839
254,1,6,4,477.6392822265625,24.633037567138672,1.6755086183547974
255,1,6,5,496.3778991699219,21.880126953125,1.6748707294464111
256,1,6,6,1731.562744140625,15.011971473693848,1.6730586290359497
257,1,6,7,385.1134338378906,24.90737533569336,1.675081729888916
258,1,6,8,815.5097045898438,19.4775390625,1.6779541969299316
259,1,6,9,385.4119567871094,24.255659103393555,1.674064040184021
260,1,6,10,403.16070556640625,23.315427780151367,1.6723843812942505
261,1,6,11,3897.606689453125,0.19290487468242645,1.656549096107483
262,1,6,12,458.61077880859375,22.144880294799805,1.670571208000183
263,1,6,13,493.53363037109375,23.923049926757812,1.6704448461532593
264,1,6,14,688.6849975585938,21.438819885253906,1.673482060432434
265,1,6,15,386.3658142089844,24.181968688964844,1.6805150508880615
266,1,6,16,523.76416015625,22.080812454223633,1.6728706359863281
267,1,6,17,980.853515625,18.218204498291016,1.6758555173873901
268,1,6,18,311.3614196777344,24.713712692260742,1.6719002723693848
269,1,6,19,2804.85888671875,4.4109272956848145,1.6802937984466553
270,1,6,20,317.3013916015625,25.09720230102539,1.6793910264968872
271,1,6,21,717.2310791015625,21.13999366760254,1.67921781539917
272,1,6,22,455.7509460449219,23.552391052246094,1.677451491355896
273,1,6,23,1734.411376953125,12.788084983825684,1.6762511730194092
274,1,6,24,1966.7607421875,11.363737106323242,1.6736838817596436
275,1,6,25,1302.938232421875,17.372943878173828,1.6738117933273315
276,1,6,26,468.63055419921875,24.69759750366211,1.6735304594039917
277,1,6,27,643.3494873046875,21.846622467041016,1.672953486442566
278,1,6,28,367.4080505371094,25.041566848754883,1.6726312637329102
279,1,6,29,733.3839111328125,22.108074188232422,1.679525375366211
280,1,6,30,1660.0247802734375,14.933208465576172,1.6783539056777954
281,1,6,31,317.2701416015625,23.641490936279297,1.6710238456726074
282,1,6,32,2626.61572265625,6.980739593505859,1.6806445121765137
283,1,6,33,386.2654724121094,23.645679473876953,1.6735347509384155
284,1,6,34,426.71832275390625,23.024621963500977,1.6786547899246216
285,1,6,35,2412.23095703125,7.439482688903809,1.6731032133102417
286,1,6,36,1396.8878173828125,17.18010139465332,1.6740771532058716
287,1,6,37,1952.648193359375,11.90842342376709,1.678125262260437
288,1,6,38,2806.23095703125,4.335175037384033,1.678142786026001
289,1,6,39,442.69183349609375,24.06513214111328,1.6704670190811157
290,1,6,40,936.7161865234375,18.402923583984375,1.6744465827941895
291,1,6,41,352.9826965332031,25.870264053344727,1.677861213684082
292,1,6,42,448.7752685546875,22.095840454101562,1.6773723363876343
293,1,6,43,338.1524658203125,25.273731231689453,1.6719802618026733
294,1,6,44,513.5598754882812,22.564149856567383,1.6761693954467773
295,1,6,45,1222.7574462890625,18.9949893951416,1.6679166555404663
296,1,6,46,616.677490234375,21.148548126220703,1.682639718055725
297,1,6,47,2073.12744140625,10.571379661560059,1.6759297847747803
298,1,6,48,313.7142639160156,25.287832260131836,1.6750646829605103
299,1,6,49,360.386474609375,23.969003677368164,1.6758171319961548
300,1,6,50,394.242919921875,23.664121627807617,1.6730531454086304
301,1,7,1,389.47491455078125,24.28001594543457,1.783543586730957
302,1,7,2,416.9622497558594,19.06696128845215,1.7871559858322144
303,1,7,3,443.4051818847656,25.517715454101562,1.7830097675323486
304,1,7,4,547.1490478515625,25.6259822845459,1.7830162048339844
305,1,7,5,288.5787658691406,22.582983016967773,1.7838155031204224
306,1,7,6,639.6891479492188,15.301474571228027,1.7805272340774536
307,1,7,7,634.9281005859375,28.965293884277344,1.7817758321762085
308,1,7,8,299.4526672363281,21.173805236816406,1.7835170030593872
309,1,7,9,343.726318359375,24.019380569458008,1.7821649312973022
310,1,7,10,316.1605529785156,24.577194213867188,1.7814608812332153
311,1,7,11,1910.6533203125,0.09083720296621323,1.7659835815429688
312,1,7,12,518.6043090820312,26.837966918945312,1.7791306972503662
313,1,7,13,407.45355224609375,23.708383560180664,1.7798714637756348
314,1,7,14,423.8031005859375,23.605119705200195,1.7827328443527222
315,1,7,15,335.5240173339844,22.724651336669922,1.7869789600372314
316,1,7,16,283.94854736328125,24.050020217895508,1.7812782526016235
317,1,7,17,433.7742004394531,24.636837005615234,1.7831259965896606
318,1,7,18,426.91973876953125,26.052810668945312,1.780340313911438
319,1,7,19,1261.5618896484375,3.7826387882232666,1.784820318222046
320,1,7,20,377.71063232421875,25.502473831176758,1.7853386402130127
321,1,7,21,291.94610595703125,21.636533737182617,1.785706877708435
322,1,7,22,391.89691162109375,25.72425079345703,1.7832820415496826
323,1,7,23,636.2830200195312,13.567378997802734,1.7853459119796753
324,1,7,24,736.2127075195312,10.155780792236328,1.7822265625
325,1,7,25,420.7200622558594,15.142406463623047,1.7811106443405151
326,1,7,26,446.06683349609375,25.43268585205078,1.7807202339172363
327,1,7,27,274.55810546875,23.759449005126953,1.780742883682251
328,1,7,28,340.4448547363281,26.10546875,1.7816283702850342
329,1,7,29,319.00921630859375,21.318687438964844,1.7856837511062622
330,1,7,30,602.5755004882812,13.319746971130371,1.7870630025863647
331,1,7,31,444.7815246582031,26.156007766723633,1.7798081636428833
332,1,7,32,1159.2890625,6.914403438568115,1.7870537042617798
333,1,7,33,421.2832336425781,26.705337524414062,1.781701683998108
334,1,7,34,390.63787841796875,25.340431213378906,1.78578519821167
335,1,7,35,1006.25390625,7.056703567504883,1.7825074195861816
336,1,7,36,506.7171936035156,18.751169204711914,1.78056001663208
337,1,7,37,740.2484741210938,9.886818885803223,1.7867978811264038
338,1,7,38,1274.1876220703125,4.0837082862854,1.785982370376587
339,1,7,39,315.22509765625,23.232633590698242,1.7802892923355103
340,1,7,40,377.7412414550781,23.177499771118164,1.7824883460998535
341,1,7,41,399.01055908203125,26.745590209960938,1.7853912115097046
342,1,7,42,302.6788330078125,22.53144073486328,1.784632682800293
343,1,7,43,469.5848693847656,26.869596481323242,1.7810347080230713
344,1,7,44,256.75518798828125,23.23971939086914,1.7829654216766357
345,1,7,45,405.2264709472656,18.183483123779297,1.7767571210861206
346,1,7,46,279.76800537109375,20.508180618286133,1.7891316413879395
347,1,7,47,869.1697998046875,16.714231491088867,1.7856225967407227
348,1,7,48,368.2117919921875,24.57059097290039,1.782994031906128
349,1,7,49,384.499755859375,25.91925621032715,1.7835159301757812
350,1,7,50,469.50360107421875,26.045053482055664,1.7810378074645996
351,1,8,1,752.5603637695312,26.378833770751953,1.841037392616272
352,1,8,2,296.9648132324219,19.95685386657715,1.8433648347854614
353,1,8,3,850.5205078125,26.708221435546875,1.8404686450958252
354,1,8,4,1034.938720703125,27.097824096679688,1.8404425382614136
355,1,8,5,558.63427734375,25.097734451293945,1.8400864601135254
356,1,8,6,221.11814880371094,16.088071823120117,1.8390586376190186
357,1,8,7,1267.59423828125,31.741682052612305,1.8397265672683716
358,1,8,8,323.9220886230469,22.200016021728516,1.841872215270996
359,1,8,9,747.864990234375,26.0544376373291,1.8397353887557983
360,1,8,10,686.742919921875,26.488265991210938,1.838829755783081
361,1,8,11,841.5242309570312,0.1037943884730339,1.8313841819763184
362,1,8,12,1011.0603637695312,28.834835052490234,1.8375645875930786
363,1,8,13,783.0388793945312,26.034639358520508,1.837496042251587
364,1,8,14,651.8373413085938,26.796119689941406,1.8396515846252441
365,1,8,15,719.0169677734375,25.054336547851562,1.8431628942489624
366,1,8,16,534.4896240234375,25.171537399291992,1.8390175104141235
367,1,8,17,437.059814453125,24.65983772277832,1.8402676582336426
368,1,8,18,959.0814208984375,27.680177688598633,1.8387354612350464
369,1,8,19,479.24462890625,4.836430072784424,1.842108130455017
370,1,8,20,850.9976806640625,27.0548038482666,1.8420350551605225
371,1,8,21,383.4100341796875,22.83883285522461,1.8423372507095337
372,1,8,22,773.840576171875,27.535255432128906,1.8409364223480225
373,1,8,23,203.3799285888672,15.10797119140625,1.8416948318481445
374,1,8,24,205.65904235839844,10.424970626831055,1.8394196033477783
375,1,8,25,165.42970275878906,16.775371551513672,1.8389849662780762
376,1,8,26,867.1883544921875,27.090761184692383,1.8387335538864136
377,1,8,27,423.2337341308594,25.105850219726562,1.8388593196868896
378,1,8,28,757.9486083984375,27.53520965576172,1.8388168811798096
379,1,8,29,419.3713073730469,22.27273178100586,1.8421367406845093
380,1,8,30,197.54664611816406,14.345917701721191,1.841727614402771
381,1,8,31,987.852294921875,27.805322647094727,1.838164210319519
382,1,8,32,429.2240295410156,6.672123908996582,1.8433713912963867
383,1,8,33,886.6296997070312,28.277137756347656,1.839205026626587
384,1,8,34,788.73095703125,26.564563751220703,1.8422143459320068
385,1,8,35,341.08978271484375,8.468199729919434,1.8406010866165161
386,1,8,36,244.6866912841797,18.91534996032715,1.839178204536438
387,1,8,37,215.03314208984375,10.75024127960205,1.8414287567138672
388,1,8,38,501.52655029296875,5.337912559509277,1.8437641859054565
389,1,8,39,657.6602783203125,26.273391723632812,1.837567687034607
390,1,8,40,374.9223327636719,24.4012508392334,1.8392328023910522
391,1,8,41,863.03564453125,27.885723114013672,1.8418539762496948
392,1,8,42,616.9883422851562,24.72197914123535,1.8413200378417969
393,1,8,43,1012.6841430664062,28.8190975189209,1.838564157485962
394,1,8,44,488.0884094238281,24.731155395507812,1.840267300605774
395,1,8,45,211.522216796875,19.401107788085938,1.8358559608459473
396,1,8,46,433.2095031738281,22.389379501342773,1.8439488410949707
397,1,8,47,352.1408996582031,17.434213638305664,1.8408699035644531
398,1,8,48,845.2031860351562,26.798662185668945,1.8400474786758423
399,1,8,49,836.0279541015625,27.87247085571289,1.8402519226074219
400,1,8,50,968.0956420898438,27.171377182006836,1.8390506505966187
401,1,9,1,1007.8848876953125,28.656787872314453,1.8950330018997192
402,1,9,2,354.1882019042969,20.941184997558594,1.8963582515716553
403,1,9,3,1124.713623046875,30.924842834472656,1.8948529958724976
404,1,9,4,1341.4512939453125,29.69823455810547,1.8948724269866943
405,1,9,5,776.7182006835938,26.96133041381836,1.8944531679153442
406,1,9,6,161.5770721435547,17.40311622619629,1.894236445426941
407,1,9,7,1633.536865234375,33.513492584228516,1.894547939300537
408,1,9,8,441.6691589355469,24.976627349853516,1.8956183195114136
409,1,9,9,1021.1947631835938,28.09972381591797,1.894456386566162
410,1,9,10,947.01904296875,28.251667022705078,1.8940011262893677
411,1,9,11,528.0661010742188,0.100251704454422,1.8915300369262695
412,1,9,12,1322.5821533203125,31.908977508544922,1.8934049606323242
413,1,9,13,1046.20947265625,29.37468719482422,1.8933027982711792
414,1,9,14,853.8634033203125,28.131595611572266,1.8944541215896606
415,1,9,15,980.7298583984375,27.96426010131836,1.896034836769104
416,1,9,16,746.1387329101562,26.989795684814453,1.8941411972045898
417,1,9,17,547.2047729492188,27.005910873413086,1.894823670387268
418,1,9,18,1285.7508544921875,30.8912410736084,1.8939392566680908
419,1,9,19,269.3103942871094,4.934989929199219,1.8958579301834106
420,1,9,20,1149.7025146484375,29.134170532226562,1.8956255912780762
421,1,9,21,527.1229248046875,24.070085525512695,1.8956596851348877
422,1,9,22,1037.04736328125,29.021163940429688,1.8951419591903687
423,1,9,23,135.49472045898438,15.529282569885254,1.8956044912338257
424,1,9,24,100.10848236083984,11.398313522338867,1.8943822383880615
425,1,9,25,171.77809143066406,18.55143165588379,1.8940469026565552
426,1,9,26,1147.971435546875,29.812292098999023,1.8939677476882935
427,1,9,27,593.2559204101562,24.42985725402832,1.8940863609313965
428,1,9,28,1037.2684326171875,29.38323211669922,1.8938226699829102
429,1,9,29,566.8828125,24.146984100341797,1.895725131034851
430,1,9,30,140.1273651123047,16.383739471435547,1.894950032234192
431,1,9,31,1319.1142578125,30.50747299194336,1.8937888145446777
432,1,9,32,239.06329345703125,7.091678619384766,1.8961116075515747
433,1,9,33,1185.0577392578125,30.234149932861328,1.8941487073898315
434,1,9,34,1056.8046875,29.996553421020508,1.8955144882202148
435,1,9,35,181.27557373046875,9.350646018981934,1.8950556516647339
436,1,9,36,248.35572814941406,20.047481536865234,1.8943445682525635
437,1,9,37,109.40702056884766,12.345033645629883,1.8950707912445068
438,1,9,38,294.8106384277344,6.840693950653076,1.8965786695480347
439,1,9,39,907.6907958984375,28.585765838623047,1.8933501243591309
440,1,9,40,483.29217529296875,24.921302795410156,1.8941984176635742
441,1,9,41,1158.4810791015625,29.55933380126953,1.895440936088562
442,1,9,42,851.9404907226562,27.266098022460938,1.8951815366744995
443,1,9,43,1343.154541015625,32.18043899536133,1.893775463104248
444,1,9,44,690.5331420898438,25.816648483276367,1.8946505784988403
445,1,9,45,245.67918395996094,20.945838928222656,1.8926281929016113
446,1,9,46,600.3430786132812,24.202072143554688,1.896283745765686
447,1,9,47,250.4317626953125,18.063230514526367,1.8948429822921753
448,1,9,48,1147.41259765625,28.988855361938477,1.894527554512024
449,1,9,49,1127.44580078125,30.212026596069336,1.8945722579956055
450,1,9,50,1280.254638671875,31.227066040039062,1.894099473953247
451,1,10,1,1015.6692504882812,27.026058197021484,1.860794186592102
452,1,10,2,356.87689208984375,20.382591247558594,1.8625261783599854
453,1,10,3,1133.3863525390625,31.107181549072266,1.8606036901474
454,1,10,4,1350.578857421875,29.32278823852539,1.8604707717895508
455,1,10,5,783.4874267578125,24.658628463745117,1.8608380556106567
456,1,10,6,160.34774780273438,17.11975860595703,1.859563946723938
457,1,10,7,1644.31494140625,32.213287353515625,1.859952688217163
458,1,10,8,445.650146484375,24.903209686279297,1.8604782819747925
459,1,10,9,1029.5882568359375,27.305723190307617,1.8601806163787842
460,1,10,10,954.8629760742188,27.166837692260742,1.8599470853805542
461,1,10,11,513.6233520507812,0.05800928547978401,1.8541278839111328
462,1,10,12,1332.414794921875,32.12431335449219,1.858556866645813
463,1,10,13,1053.9281005859375,28.281152725219727,1.8589487075805664
464,1,10,14,860.4954833984375,26.15898895263672,1.8605328798294067
465,1,10,15,988.5398559570312,26.41295623779297,1.862338900566101
466,1,10,16,752.9021606445312,26.426475524902344,1.8598896265029907
467,1,10,17,551.258056640625,28.10914421081543,1.8608499765396118
468,1,10,18,1296.2357177734375,30.431591033935547,1.8593021631240845
469,1,10,19,262.65185546875,3.622823476791382,1.861742377281189
470,1,10,20,1158.6815185546875,28.06299591064453,1.8616565465927124
471,1,10,21,531.7064819335938,22.563413619995117,1.8619029521942139
472,1,10,22,1045.3118896484375,27.729463577270508,1.8607980012893677
473,1,10,23,134.07984924316406,15.02946949005127,1.8616442680358887
474,1,10,24,97.82949829101562,10.882200241088867,1.8602004051208496
475,1,10,25,172.54232788085938,16.811952590942383,1.8589673042297363
476,1,10,26,1156.5400390625,29.8350830078125,1.8597521781921387
477,1,10,27,598.416259765625,22.24098777770996,1.8594226837158203
478,1,10,28,1045.99853515625,28.06502914428711,1.8596872091293335
479,1,10,29,571.960693359375,22.99498176574707,1.8620734214782715
480,1,10,30,139.0777587890625,16.09181785583496,1.8617196083068848
481,1,10,31,1329.3629150390625,30.738012313842773,1.8593695163726807
482,1,10,32,233.62850952148438,7.39805269241333,1.863145351409912
483,1,10,33,1194.2255859375,29.37029457092285,1.859790325164795
484,1,10,34,1064.76025390625,29.53116226196289,1.8614912033081055
485,1,10,35,176.96646118164062,8.2429838180542,1.8607500791549683
486,1,10,36,249.2357177734375,20.047101974487305,1.8597445487976074
487,1,10,37,107.32194519042969,12.282139778137207,1.8625649213790894
488,1,10,38,287.4819641113281,6.611347675323486,1.8622463941574097
489,1,10,39,915.566650390625,26.375139236450195,1.8591217994689941
490,1,10,40,487.04736328125,23.191898345947266,1.860386610031128
491,1,10,41,1167.560791015625,28.454809188842773,1.8618934154510498
492,1,10,42,859.1517944335938,26.73297882080078,1.8612383604049683
493,1,10,43,1352.89892578125,31.753202438354492,1.859590768814087
494,1,10,44,697.0161743164062,24.17755889892578,1.8603150844573975
495,1,10,45,247.32601928710938,19.870471954345703,1.8575011491775513
496,1,10,46,605.6962280273438,22.937726974487305,1.8633264303207397
497,1,10,47,248.52760314941406,17.64000129699707,1.8613998889923096
498,1,10,48,1156.51708984375,27.289098739624023,1.8605546951293945
499,1,10,49,1136.0303955078125,29.12680435180664,1.8607585430145264
500,1,10,50,1289.6346435546875,31.772329330444336,1.8594392538070679
501,1,11,1,828.0593872070312,26.90691566467285,1.8465770483016968
502,1,11,2,309.4643859863281,20.45526885986328,1.8488295078277588
503,1,11,3,933.1990966796875,31.584585189819336,1.8464934825897217
504,1,11,4,1126.914306640625,29.347421646118164,1.8463540077209473
505,1,11,5,621.926025390625,24.265663146972656,1.846510648727417
506,1,11,6,193.19534301757812,17.15278434753418,1.8454848527908325
507,1,11,7,1378.770263671875,31.442232131958008,1.8459372520446777
508,1,11,8,354.92413330078125,25.066314697265625,1.84661865234375
509,1,11,9,829.440185546875,27.3598575592041,1.8459563255310059
510,1,11,10,763.508544921875,26.855937957763672,1.845573902130127
511,1,11,11,707.4992065429688,0.053825486451387405,1.8409560918807983
512,1,11,12,1105.873291015625,31.550823211669922,1.8442957401275635
513,1,11,13,860.15234375,28.630918502807617,1.844518780708313
514,1,11,14,710.7012329101562,25.446414947509766,1.8462920188903809
515,1,11,15,796.5625610351562,26.769296646118164,1.8481793403625488
516,1,11,16,596.1381225585938,26.28168487548828,1.8455607891082764
517,1,11,17,466.0914611816406,27.73454475402832,1.846871018409729
518,1,11,18,1059.477294921875,30.68199920654297,1.8450138568878174
519,1,11,19,397.93487548828125,3.4719045162200928,1.8484798669815063
520,1,11,20,940.6715087890625,28.115558624267578,1.847713589668274
521,1,11,21,422.3872375488281,22.520984649658203,1.8478528261184692
522,1,11,22,852.6575927734375,27.286035537719727,1.8468111753463745
523,1,11,23,173.05557250976562,14.534765243530273,1.8474552631378174
524,1,11,24,163.65895080566406,11.132722854614258,1.8460644483566284
525,1,11,25,159.71987915039062,17.09001922607422,1.8449616432189941
526,1,11,26,951.1389770507812,30.05229949951172,1.8455352783203125
527,1,11,27,470.1839294433594,21.509740829467773,1.8453235626220703
528,1,11,28,841.8333740234375,28.245094299316406,1.8452537059783936
529,1,11,29,460.6883544921875,23.541576385498047,1.8482004404067993
530,1,11,30,171.02667236328125,16.914403915405273,1.8473745584487915
531,1,11,31,1088.7166748046875,30.485759735107422,1.8450452089309692
532,1,11,32,356.47662353515625,7.716937065124512,1.8494670391082764
533,1,11,33,976.47607421875,28.972436904907227,1.8455125093460083
534,1,11,34,868.1062622070312,29.983379364013672,1.8473663330078125
535,1,11,35,278.7781066894531,8.371219635009766,1.8466546535491943
536,1,11,36,238.2515411376953,20.290943145751953,1.8456933498382568
537,1,11,37,173.7554931640625,12.59713363647461,1.8481409549713135
538,1,11,38,418.3617248535156,6.872779846191406,1.8487190008163452
539,1,11,39,731.83544921875,26.43314552307129,1.8447237014770508
540,1,11,40,402.5155029296875,22.39389991760254,1.8462047576904297
541,1,11,41,952.1210327148438,28.669645309448242,1.8477116823196411
542,1,11,42,685.9443969726562,26.586271286010742,1.8470771312713623
543,1,11,43,1112.1463623046875,32.06178665161133,1.845183253288269
544,1,11,44,546.835693359375,23.933692932128906,1.8462252616882324
545,1,11,45,215.06362915039062,20.241256713867188,1.8431050777435303
546,1,11,46,480.4200134277344,22.800941467285156,1.8491750955581665
547,1,11,47,312.0981140136719,16.870155334472656,1.8471481800079346
548,1,11,48,936.010986328125,27.193523406982422,1.8463174104690552
549,1,11,49,922.778564453125,28.947105407714844,1.84657883644104
550,1,11,50,1061.81396484375,32.280853271484375,1.8452372550964355
551,1,12,1,554.3031005859375,27.00242805480957,1.833539366722107
552,1,12,2,302.4584045410156,20.091388702392578,1.8366118669509888
553,1,12,3,635.177734375,30.267127990722656,1.8334797620773315
554,1,12,4,784.1716918945312,28.51605796813965,1.8334654569625854
555,1,12,5,398.524169921875,24.972923278808594,1.8330458402633667
556,1,12,6,344.96563720703125,16.619985580444336,1.8326338529586792
557,1,12,7,955.92431640625,31.137510299682617,1.8331941366195679
558,1,12,8,267.2122497558594,24.041025161743164,1.8344182968139648
559,1,12,9,532.2020263671875,27.439678192138672,1.832838773727417
560,1,12,10,484.0227355957031,26.518695831298828,1.8321057558059692
561,1,12,11,1175.3162841796875,0.06901469081640244,1.8305312395095825
562,1,12,12,759.3743286132812,29.88895606994629,1.8311927318572998
563,1,12,13,577.343017578125,29.131704330444336,1.8308459520339966
564,1,12,14,510.1100158691406,26.267282485961914,1.832870602607727
565,1,12,15,512.7984008789062,27.64364242553711,1.835300326347351
566,1,12,16,382.8633728027344,25.228958129882812,1.8322731256484985
567,1,12,17,388.9859619140625,24.66197395324707,1.8340517282485962
568,1,12,18,692.2301635742188,30.03815460205078,1.831863284111023
569,1,12,19,743.1652221679688,4.4291887283325195,1.8371723890304565
570,1,12,20,607.3316650390625,27.751081466674805,1.8351043462753296
571,1,12,21,297.8436279296875,22.450040817260742,1.8350504636764526
572,1,12,22,568.7845458984375,26.69759750366211,1.8341549634933472
573,1,12,23,334.5281677246094,14.530586242675781,1.8343772888183594
574,1,12,24,378.01409912109375,10.949775695800781,1.8331069946289062
575,1,12,25,223.77235412597656,18.1594181060791,1.8323265314102173
576,1,12,26,644.5582885742188,29.465970993041992,1.8323248624801636
577,1,12,27,312.26220703125,21.336444854736328,1.832276701927185
578,1,12,28,537.3685913085938,28.099149703979492,1.8317798376083374
579,1,12,29,332.1693420410156,23.642675399780273,1.8354518413543701
580,1,12,30,318.35150146484375,17.47810935974121,1.8342247009277344
581,1,12,31,714.5708618164062,29.172060012817383,1.8316267728805542
582,1,12,32,676.3862915039062,7.230647563934326,1.836921215057373
583,1,12,33,645.732177734375,28.0333251953125,1.8323776721954346
584,1,12,34,575.95654296875,29.22992515563965,1.8345869779586792
585,1,12,35,561.5278930664062,9.465694427490234,1.8339565992355347
586,1,12,36,304.9913635253906,19.199373245239258,1.8327322006225586
587,1,12,37,387.4959716796875,12.7449369430542,1.8344635963439941
588,1,12,38,754.3770751953125,7.740555286407471,1.837260365486145
589,1,12,39,467.5396423339844,27.99565887451172,1.8311994075775146
590,1,12,40,327.3125915527344,21.514678955078125,1.8330961465835571
591,1,12,41,623.6151733398438,28.16797637939453,1.834501028060913
592,1,12,42,439.5870056152344,26.381818771362305,1.8341281414031982
593,1,12,43,738.021484375,31.784072875976562,1.8315516710281372
594,1,12,44,345.2153625488281,23.803604125976562,1.8333609104156494
595,1,12,45,243.93460083007812,20.571739196777344,1.8297748565673828
596,1,12,46,323.5866394042969,22.995630264282227,1.8361655473709106
597,1,12,47,520.4309692382812,15.489616394042969,1.8337972164154053
598,1,12,48,599.5052490234375,27.54995346069336,1.8330316543579102
599,1,12,49,599.9735717773438,28.60605239868164,1.8333497047424316
600,1,12,50,712.007080078125,30.93353271484375,1.8322230577468872
601,1,13,1,370.09722900390625,27.414764404296875,1.8304059505462646
602,1,13,2,457.84197998046875,20.02945327758789,1.8339025974273682
603,1,13,3,420.0085754394531,29.79168701171875,1.8303658962249756
604,1,13,4,511.37542724609375,28.476821899414062,1.8303812742233276
605,1,13,5,279.8343200683594,25.788101196289062,1.8296955823898315
606,1,13,6,712.9663696289062,16.435880661010742,1.8293505907058716
607,1,13,7,580.5929565429688,31.818178176879883,1.8299609422683716
608,1,13,8,322.83795166015625,23.628576278686523,1.831524133682251
609,1,13,9,319.1648864746094,27.658376693725586,1.8296148777008057
610,1,13,10,295.1217346191406,26.809341430664062,1.8287769556045532
611,1,13,11,1954.4644775390625,0.08289393782615662,1.8282440900802612
612,1,13,12,485.98455810546875,29.917312622070312,1.8277974128723145
613,1,13,13,386.54620361328125,29.390026092529297,1.8272278308868408
614,1,13,14,421.7271728515625,27.403240203857422,1.8295514583587646
615,1,13,15,312.4397277832031,28.095333099365234,1.8325672149658203
616,1,13,16,279.2837829589844,25.070032119750977,1.8290208578109741
617,1,13,17,458.4690246582031,23.857908248901367,1.8308898210525513
618,1,13,18,390.2822570800781,29.874990463256836,1.8285828828811646
619,1,13,19,1352.2010498046875,4.979420185089111,1.8346894979476929
620,1,13,20,343.9378662109375,27.80062484741211,1.8321342468261719
621,1,13,21,303.56207275390625,22.661808013916016,1.8320752382278442
622,1,13,22,371.22833251953125,26.952842712402344,1.8310484886169434
623,1,13,23,711.1509399414062,14.986825942993164,1.8315588235855103
624,1,13,24,825.6056518554688,10.746562004089355,1.8299669027328491
625,1,13,25,478.9724426269531,18.546884536743164,1.8290736675262451
626,1,13,26,420.7684326171875,29.273117065429688,1.8289284706115723
627,1,13,27,280.5883483886719,21.938695907592773,1.8288323879241943
628,1,13,28,316.02386474609375,28.110715866088867,1.8284558057785034
629,1,13,29,332.8724365234375,23.491443634033203,1.8324459791183472
630,1,13,30,675.5232543945312,17.254291534423828,1.831216812133789
631,1,13,31,404.4693603515625,29.085241317749023,1.8281675577163696
632,1,13,32,1251.0875244140625,6.7900710105896,1.8339061737060547
633,1,13,33,390.0287170410156,28.125782012939453,1.8290929794311523
634,1,13,34,365.943603515625,28.863828659057617,1.8316975831985474
635,1,13,35,1095.0662841796875,9.880025863647461,1.8315283060073853
636,1,13,36,562.176025390625,18.620656967163086,1.82948899269104
637,1,13,37,831.116943359375,12.657493591308594,1.8311924934387207
638,1,13,38,1348.9429931640625,7.964170932769775,1.8352584838867188
639,1,13,39,299.7065124511719,28.886878967285156,1.8277188539505005
640,1,13,40,400.2474060058594,21.899005889892578,1.8299458026885986
641,1,13,41,366.5914001464844,28.018434524536133,1.8314182758331299
642,1,13,42,290.16845703125,26.637277603149414,1.8310749530792236
643,1,13,43,427.5834655761719,31.751005172729492,1.8280807733535767
644,1,13,44,254.61802673339844,24.0750789642334,1.8302748203277588
645,1,13,45,458.1067199707031,20.580707550048828,1.8262072801589966
646,1,13,46,284.7410888671875,23.434913635253906,1.8334120512008667
647,1,13,47,957.1561279296875,15.618974685668945,1.8308364152908325
648,1,13,48,335.32476806640625,28.098194122314453,1.8297467231750488
649,1,13,49,352.7546081542969,28.842361450195312,1.8300433158874512
650,1,13,50,432.1752624511719,30.316144943237305,1.8289778232574463
651,1,14,1,355.14288330078125,28.791627883911133,1.8996317386627197
652,1,14,2,679.1141967773438,21.429168701171875,1.9011708498001099
653,1,14,3,383.4981994628906,31.26171875,1.8997489213943481
654,1,14,4,434.0826110839844,30.382740020751953,1.8997220993041992
655,1,14,5,311.3135986328125,26.846899032592773,1.8993475437164307
656,1,14,6,1088.8619384765625,16.74985694885254,1.899209976196289
657,1,14,7,431.5273132324219,34.35755920410156,1.8994393348693848
658,1,14,8,476.861328125,24.179731369018555,1.9000486135482788
659,1,14,9,284.80645751953125,28.859949111938477,1.8993966579437256
660,1,14,10,278.58270263671875,28.214916229248047,1.8991116285324097
661,1,14,11,2610.09033203125,0.0985000804066658,1.8989672660827637
662,1,14,12,411.4426574707031,32.056373596191406,1.898547887802124
663,1,14,13,370.3756103515625,30.193275451660156,1.8983819484710693
664,1,14,14,475.2646484375,29.561695098876953,1.8994994163513184
665,1,14,15,283.8370056152344,29.21637725830078,1.9006730318069458
666,1,14,16,322.9179382324219,26.2362003326416,1.899196743965149
667,1,14,17,622.0489501953125,25.966339111328125,1.8999639749526978
668,1,14,18,294.5020751953125,31.253589630126953,1.8988745212554932
669,1,14,19,1888.9632568359375,4.996552467346191,1.9013725519180298
670,1,14,20,271.5458679199219,29.353899002075195,1.900408148765564
671,1,14,21,420.4321594238281,24.386362075805664,1.9003545045852661
672,1,14,22,346.7159118652344,28.56801986694336,1.8999087810516357
673,1,14,23,1090.4248046875,15.577796936035156,1.9005457162857056
674,1,14,24,1256.9896240234375,10.569973945617676,1.8996397256851196
675,1,14,25,776.269287109375,18.433847427368164,1.8989536762237549
676,1,14,26,379.84747314453125,30.34454345703125,1.8990693092346191
677,1,14,27,375.14898681640625,24.97102928161621,1.8989840745925903
678,1,14,28,276.6241149902344,29.702375411987305,1.8988226652145386
679,1,14,29,446.62738037109375,24.42386245727539,1.9006762504577637
680,1,14,30,1040.5169677734375,17.04306983947754,1.8997793197631836
681,1,14,31,303.2334899902344,30.668275833129883,1.8988397121429443
682,1,14,32,1763.839111328125,6.810455799102783,1.9010497331619263
683,1,14,33,326.0540771484375,29.979673385620117,1.8990907669067383
684,1,14,34,331.36993408203125,29.90041732788086,1.9001450538635254
685,1,14,35,1583.6065673828125,10.042142868041992,1.9005722999572754
686,1,14,36,859.3695678710938,19.776206970214844,1.8993265628814697
687,1,14,37,1257.841552734375,12.250754356384277,1.9000309705734253
688,1,14,38,1871.9495849609375,7.959549903869629,1.9016913175582886
689,1,14,39,299.0943908691406,29.777828216552734,1.898597240447998
690,1,14,40,566.7003784179688,24.193750381469727,1.899592399597168
691,1,14,41,298.7190246582031,29.745542526245117,1.9001716375350952
692,1,14,42,299.4429931640625,27.343366622924805,1.8999987840652466
693,1,14,43,325.7940368652344,33.306556701660156,1.8987499475479126
694,1,14,44,306.043701171875,25.202543258666992,1.8995951414108276
695,1,14,45,729.5394287109375,21.179811477661133,1.8979049921035767
696,1,14,46,368.3855285644531,24.723600387573242,1.9009904861450195
697,1,14,47,1378.753662109375,17.489206314086914,1.8999953269958496
698,1,14,48,264.716552734375,29.80501937866211,1.8994433879852295
699,1,14,49,293.44952392578125,30.314674377441406,1.8994899988174438
700,1,14,50,351.3460998535156,31.63951873779297,1.89902925491333
701,1,15,1,350.4560241699219,28.66045379638672,1.9064736366271973
702,1,15,2,628.867919921875,21.43486976623535,1.90721595287323
703,1,15,3,383.1589660644531,31.310306549072266,1.9061287641525269
704,1,15,4,441.2169494628906,31.075279235839844,1.9060238599777222
705,1,15,5,297.36212158203125,26.518712997436523,1.9066156148910522
706,1,15,6,1006.7335815429688,17.315580368041992,1.9055709838867188
707,1,15,7,452.34991455078125,34.830562591552734,1.9056516885757446
708,1,15,8,439.57098388671875,24.726303100585938,1.9060519933700562
709,1,15,9,283.7153015136719,28.600811004638672,1.906051754951477
710,1,15,10,273.8882141113281,28.833694458007812,1.9058517217636108
711,1,15,11,2442.156005859375,0.12495165318250656,1.903700828552246
712,1,15,12,418.53375244140625,33.741050720214844,1.9051008224487305
713,1,15,13,365.69451904296875,28.932485580444336,1.9052135944366455
714,1,15,14,457.28924560546875,28.868846893310547,1.906112790107727
715,1,15,15,281.7945556640625,27.897037506103516,1.9073916673660278
716,1,15,16,306.7948303222656,27.35367202758789,1.9058809280395508
717,1,15,17,582.2017211914062,28.657718658447266,1.9063034057617188
718,1,15,18,306.03759765625,31.214624404907227,1.9055699110031128
719,1,15,19,1767.8807373046875,4.2000885009765625,1.907503366470337
720,1,15,20,278.0739440917969,29.7779598236084,1.9067927598953247
721,1,15,21,389.62811279296875,24.71502685546875,1.9073001146316528
722,1,15,22,344.1178894042969,29.668651580810547,1.9062350988388062
723,1,15,23,1007.7379150390625,15.92962646484375,1.9066765308380127
724,1,15,24,1164.6328125,10.724482536315918,1.9061899185180664
725,1,15,25,711.0751953125,17.179149627685547,1.905256748199463
726,1,15,26,380.351318359375,30.197799682617188,1.9056878089904785
727,1,15,27,348.86895751953125,26.33518409729004,1.9053966999053955
728,1,15,28,276.8822326660156,29.342329025268555,1.9061278104782104
729,1,15,29,417.3000793457031,23.60131072998047,1.9067764282226562
730,1,15,30,961.3272094726562,15.116385459899902,1.9079680442810059
731,1,15,31,315.182861328125,31.92803192138672,1.9053778648376465
732,1,15,32,1650.9757080078125,6.855098247528076,1.9089155197143555
733,1,15,33,330.8671569824219,31.267982482910156,1.9059414863586426
734,1,15,34,330.5975646972656,29.36865234375,1.9069433212280273
735,1,15,35,1475.407958984375,8.493990898132324,1.9064100980758667
736,1,15,36,793.106201171875,20.39749526977539,1.9056230783462524
737,1,15,37,1167.2393798828125,11.899848937988281,1.9078519344329834
738,1,15,38,1749.0887451171875,6.380912780761719,1.908552885055542
739,1,15,39,291.5452575683594,27.714895248413086,1.9054614305496216
740,1,15,40,525.6025390625,25.66498565673828,1.9063284397125244
741,1,15,41,304.1897277832031,29.838376998901367,1.9071044921875
742,1,15,42,290.3924865722656,27.510313034057617,1.906592845916748
743,1,15,43,337.69647216796875,32.51372146606445,1.9056735038757324
744,1,15,44,288.6600341796875,25.696727752685547,1.9061373472213745
745,1,15,45,669.4599609375,20.333911895751953,1.9043023586273193
746,1,15,46,344.5799560546875,24.98271942138672,1.9081867933273315
747,1,15,47,1288.5423583984375,19.059926986694336,1.9068766832351685
748,1,15,48,270.97015380859375,29.780183792114258,1.9061698913574219
749,1,15,49,297.116943359375,30.506635665893555,1.906336784362793
750,1,15,50,358.98828125,31.836204528808594,1.9055876731872559
751,1,16,1,383.6777038574219,29.754514694213867,1.9152947664260864
752,1,16,2,425.1961975097656,21.45778465270996,1.9158464670181274
753,1,16,3,438.68365478515625,31.718286514282227,1.9150757789611816
754,1,16,4,536.8997802734375,32.01968765258789,1.9150059223175049
755,1,16,5,283.8279113769531,28.011449813842773,1.9152969121932983
756,1,16,6,646.2708740234375,18.36493492126465,1.914577841758728
757,1,16,7,619.9102172851562,35.17667007446289,1.9147415161132812
758,1,16,8,303.3927001953125,25.763689041137695,1.9150991439819336
759,1,16,9,336.826904296875,29.364887237548828,1.914910078048706
760,1,16,10,308.8417663574219,30.074682235717773,1.9147841930389404
761,1,16,11,1765.2001953125,0.18382717669010162,1.913530707359314
762,1,16,12,513.091064453125,34.42135238647461,1.9143465757369995
763,1,16,13,400.52130126953125,29.54482650756836,1.9143856763839722
764,1,16,14,422.38330078125,29.087282180786133,1.9150245189666748
765,1,16,15,328.2168273925781,28.612890243530273,1.9158402681350708
766,1,16,16,281.91278076171875,28.585634231567383,1.914827823638916
767,1,16,17,436.1931457519531,29.19388771057129,1.9151721000671387
768,1,16,18,422.2060241699219,31.8034725189209,1.9146548509597778
769,1,16,19,1236.1983642578125,4.596728324890137,1.9159549474716187
770,1,16,20,368.6947326660156,30.919504165649414,1.9155044555664062
771,1,16,21,289.5901184082031,25.534440994262695,1.9157583713531494
772,1,16,22,387.5400390625,31.05048179626465,1.9151159524917603
773,1,16,23,643.5552978515625,16.611083984375,1.915502667427063
774,1,16,24,749.0596313476562,11.943641662597656,1.9149274826049805
775,1,16,25,431.2991943359375,18.47920036315918,1.9143993854522705
776,1,16,26,440.479248046875,30.613229751586914,1.9146697521209717
777,1,16,27,272.1424255371094,27.01015281677246,1.9146347045898438
778,1,16,28,335.6451416015625,29.770248413085938,1.9149333238601685
779,1,16,29,321.6530456542969,24.140960693359375,1.9155938625335693
780,1,16,30,612.0288696289062,14.94913387298584,1.916032314300537
781,1,16,31,435.9393615722656,32.936668395996094,1.9145501852035522
782,1,16,32,1147.254638671875,6.91202449798584,1.9167380332946777
783,1,16,33,413.849853515625,32.388694763183594,1.9148777723312378
784,1,16,34,383.4302978515625,29.71251678466797,1.915532112121582
785,1,16,35,997.2084350585938,8.197689056396484,1.915472149848938
786,1,16,36,512.35791015625,20.658998489379883,1.9148386716842651
787,1,16,37,756.8712158203125,12.936596870422363,1.915994644165039
788,1,16,38,1225.797119140625,5.743308067321777,1.9168850183486938
789,1,16,39,311.2732238769531,28.259614944458008,1.9145030975341797
790,1,16,40,375.89691162109375,26.553531646728516,1.9151033163070679
791,1,16,41,390.34124755859375,30.492551803588867,1.9157006740570068
792,1,16,42,299.58160400390625,28.865989685058594,1.9152694940567017
793,1,16,43,458.2738342285156,32.541404724121094,1.9146896600723267
794,1,16,44,255.7636260986328,27.170392990112305,1.915004849433899
795,1,16,45,416.54266357421875,20.868555068969727,1.913730502128601
796,1,16,46,278.1531982421875,26.26922607421875,1.9163445234298706
797,1,16,47,882.8221435546875,19.120563507080078,1.9155868291854858
798,1,16,48,360.4481201171875,31.194114685058594,1.9150385856628418
799,1,16,49,374.61309814453125,31.399580001831055,1.9151266813278198
800,1,16,50,458.44500732421875,32.14336395263672,1.9146456718444824
801,1,17,1,519.80517578125,29.041749954223633,1.8927255868911743
802,1,17,2,312.60418701171875,19.625978469848633,1.894319772720337
803,1,17,3,598.4736328125,30.416221618652344,1.8927055597305298
804,1,17,4,738.4722900390625,30.59585189819336,1.8924989700317383
805,1,17,5,371.7839050292969,27.979795455932617,1.892370581626892
806,1,17,6,375.3192443847656,17.908000946044922,1.892050862312317
807,1,17,7,896.8518676757812,32.11764907836914,1.8923695087432861
808,1,17,8,263.08038330078125,24.838787078857422,1.8931291103363037
809,1,17,9,494.87127685546875,28.171842575073242,1.8922213315963745
810,1,17,10,448.5510559082031,28.771913528442383,1.8916118144989014
811,1,17,11,1182.2774658203125,0.24333077669143677,1.892642617225647
812,1,17,12,716.0736083984375,31.68731689453125,1.8911710977554321
813,1,17,13,541.2333374023438,29.09798812866211,1.890979290008545
814,1,17,14,488.76995849609375,27.184701919555664,1.8919919729232788
815,1,17,15,476.1971740722656,28.821674346923828,1.8936772346496582
816,1,17,16,359.4248352050781,27.056581497192383,1.8918392658233643
817,1,17,17,386.50653076171875,25.67228889465332,1.892649531364441
818,1,17,18,646.6842041015625,30.45246124267578,1.8918678760528564
819,1,17,19,786.3427734375,5.229056358337402,1.8948708772659302
820,1,17,20,563.19970703125,29.91924285888672,1.893240213394165
821,1,17,21,285.9015197753906,24.555896759033203,1.89352548122406
822,1,17,22,534.3114624023438,29.547405242919922,1.8928524255752563
823,1,17,23,366.48291015625,15.524514198303223,1.8930267095565796
824,1,17,24,420.0014343261719,12.555450439453125,1.8921606540679932
825,1,17,25,243.5423583984375,19.78097915649414,1.8920634984970093
826,1,17,26,606.3124389648438,28.803630828857422,1.8917182683944702
827,1,17,27,295.7160339355469,24.441856384277344,1.8918126821517944
828,1,17,28,500.0016784667969,28.113121032714844,1.891813039779663
829,1,17,29,322.38031005859375,23.618318557739258,1.8935112953186035
830,1,17,30,349.3737487792969,14.85806941986084,1.8934011459350586
831,1,17,31,665.705810546875,30.775407791137695,1.8914752006530762
832,1,17,32,723.770751953125,6.2517619132995605,1.8946539163589478
833,1,17,33,603.1350708007812,30.369285583496094,1.8919363021850586
834,1,17,34,538.8011474609375,28.40863609313965,1.8934475183486938
835,1,17,35,604.5005493164062,8.172372817993164,1.8940142393112183
836,1,17,36,323.6131591796875,18.685447692871094,1.8924062252044678
837,1,17,37,431.0143737792969,13.695056915283203,1.8928356170654297
838,1,17,38,785.5737915039062,5.661320209503174,1.8964786529541016
839,1,17,39,436.0761413574219,28.007287979125977,1.891223430633545
840,1,17,40,323.18170166015625,24.25075912475586,1.8923372030258179
841,1,17,41,580.5819702148438,28.771207809448242,1.893294334411621
842,1,17,42,410.1805725097656,28.305891036987305,1.8926740884780884
843,1,17,43,687.2638549804688,30.569557189941406,1.8915448188781738
844,1,17,44,323.4606628417969,26.366300582885742,1.8926388025283813
845,1,17,45,259.30426025390625,20.377296447753906,1.8904598951339722
846,1,17,46,307.53350830078125,26.154447555541992,1.8943010568618774
847,1,17,47,562.2409057617188,16.144865036010742,1.8935251235961914
848,1,17,48,555.67626953125,30.96944808959961,1.8922654390335083
849,1,17,49,557.0891723632812,29.95061683654785,1.8925060033798218
850,1,17,50,665.3668212890625,30.287490844726562,1.8920838832855225
851,1,18,1,663.44189453125,30.24178695678711,1.896501064300537
852,1,18,2,293.71234130859375,20.29566192626953,1.897961974143982
853,1,18,3,757.8355712890625,32.54133224487305,1.8966395854949951
854,1,18,4,924.8284912109375,32.104915618896484,1.896501898765564
855,1,18,5,484.3787841796875,29.02694320678711,1.896329641342163
856,1,18,6,255.79519653320312,19.134323120117188,1.8960586786270142
857,1,18,7,1132.403076171875,33.1881103515625,1.8963019847869873
858,1,18,8,292.1120300292969,26.6964054107666,1.8968160152435303
859,1,18,9,653.4658813476562,29.562942504882812,1.896309494972229
860,1,18,10,595.4813842773438,30.121437072753906,1.8958812952041626
861,1,18,11,863.826416015625,0.24333077669143677,1.8973512649536133
862,1,18,12,904.9461669921875,33.590965270996094,1.8954168558120728
863,1,18,13,689.4312744140625,30.835195541381836,1.8952914476394653
864,1,18,14,587.8308715820312,27.747051239013672,1.8963345289230347
865,1,18,15,626.4716186523438,30.110265731811523,1.897402048110962
866,1,18,16,466.0898132324219,28.548078536987305,1.8960292339324951
867,1,18,17,409.88226318359375,27.388622283935547,1.8968034982681274
868,1,18,18,849.04296875,32.25,1.8958799839019775
869,1,18,19,548.8011474609375,5.176839351654053,1.8985729217529297
870,1,18,20,744.021240234375,31.254783630371094,1.897063136100769
871,1,18,21,338.0329895019531,25.148237228393555,1.8971747159957886
872,1,18,22,684.9564208984375,30.734272003173828,1.896722674369812
873,1,18,23,241.76019287109375,16.228221893310547,1.897270679473877
874,1,18,24,262.4519958496094,13.43426513671875,1.8963037729263306
875,1,18,25,177.935791015625,20.760173797607422,1.8958544731140137
876,1,18,26,770.298828125,30.62859535217285,1.8958255052566528
877,1,18,27,367.22686767578125,24.21019172668457,1.8958243131637573
878,1,18,28,663.0119018554688,29.170202255249023,1.895810842514038
879,1,18,29,377.5122375488281,24.637666702270508,1.8973956108093262
880,1,18,30,233.5638885498047,15.918323516845703,1.8969874382019043
881,1,18,31,871.56884765625,32.6897087097168,1.8957215547561646
882,1,18,32,502.5137023925781,6.7396440505981445,1.8983582258224487
883,1,18,33,782.079345703125,31.747495651245117,1.895989179611206
884,1,18,34,694.330810546875,30.191682815551758,1.897066593170166
885,1,18,35,405.5370788574219,8.37277603149414,1.8979570865631104
886,1,18,36,257.2257995605469,19.633012771606445,1.8962785005569458
887,1,18,37,274.4993896484375,14.90090560913086,1.8970481157302856
888,1,18,38,553.8014526367188,6.074615478515625,1.8996976613998413
889,1,18,39,573.9356079101562,29.082679748535156,1.8955519199371338
890,1,18,40,344.8806457519531,24.70078468322754,1.8965035676956177
891,1,18,41,758.8364868164062,29.80292510986328,1.8971142768859863
892,1,18,42,537.0474243164062,30.145153045654297,1.8966752290725708
893,1,18,43,892.226318359375,32.285858154296875,1.8956897258758545
894,1,18,44,422.9609375,27.337583541870117,1.8964662551879883
895,1,18,45,214.9640655517578,21.318378448486328,1.8946948051452637
896,1,18,46,380.1850280761719,27.22454071044922,1.897902488708496
897,1,18,47,409.339111328125,16.601625442504883,1.8973196744918823
898,1,18,48,738.0496215820312,32.147071838378906,1.8962880373001099
899,1,18,49,730.9159545898438,31.351320266723633,1.896390676498413
900,1,18,50,855.9620971679688,32.542118072509766,1.8959919214248657
901,1,19,1,722.322509765625,28.527326583862305,1.8773752450942993
902,1,19,2,297.2554626464844,19.642868041992188,1.8793444633483887
903,1,19,3,822.401123046875,32.17184829711914,1.8774923086166382
904,1,19,4,998.3945922851562,31.065135955810547,1.877357840538025
905,1,19,5,532.6923217773438,26.777193069458008,1.8773902654647827
906,1,19,6,224.5995330810547,18.425472259521484,1.8766547441482544
907,1,19,7,1222.7314453125,31.673683166503906,1.8769694566726685
908,1,19,8,311.884033203125,26.257020950317383,1.8775418996810913
909,1,19,9,717.7731323242188,28.223121643066406,1.8771170377731323
910,1,19,10,655.7015380859375,28.653785705566406,1.8766261339187622
911,1,19,11,758.578125,0.1907833367586136,1.878484845161438
912,1,19,12,979.9974975585938,33.081199645996094,1.8759311437606812
913,1,19,13,750.1043701171875,29.357728958129883,1.8758113384246826
914,1,19,14,631.8077392578125,25.685941696166992,1.8773421049118042
915,1,19,15,687.43603515625,28.18994903564453,1.8785920143127441
916,1,19,16,512.746337890625,27.643592834472656,1.8767650127410889
917,1,19,17,427.9232482910156,28.099842071533203,1.8779051303863525
918,1,19,18,928.7910766601562,31.295713424682617,1.8765138387680054
919,1,19,19,475.43548583984375,4.098458290100098,1.8805323839187622
920,1,19,20,815.5125122070312,29.7957820892334,1.878149390220642
921,1,19,21,365.4468078613281,23.645784378051758,1.8783810138702393
922,1,19,22,746.4992065429688,29.248153686523438,1.8776216506958008
923,1,19,23,208.63616943359375,15.2860107421875,1.8784703016281128
924,1,19,24,218.41481018066406,12.700414657592773,1.8771295547485352
925,1,19,25,165.44509887695312,18.94598388671875,1.8761543035507202
926,1,19,26,836.5237426757812,29.92232894897461,1.8764944076538086
927,1,19,27,401.5267639160156,22.25104331970215,1.876453161239624
928,1,19,28,728.9865112304688,27.82683563232422,1.8765952587127686
929,1,19,29,406.2946472167969,23.457239151000977,1.8786532878875732
930,1,19,30,203.5463409423828,15.501669883728027,1.8784195184707642
931,1,19,31,952.2045288085938,32.043800354003906,1.876334547996521
932,1,19,32,435.3832702636719,6.906599044799805,1.880664587020874
933,1,19,33,853.3289794921875,30.568439483642578,1.8767715692520142
934,1,19,34,757.2555541992188,29.607248306274414,1.878089427947998
935,1,19,35,346.56805419921875,7.4884748458862305,1.8791332244873047
936,1,19,36,244.40838623046875,19.53281593322754,1.87706458568573
937,1,19,37,230.79925537109375,14.205305099487305,1.8787239789962769
938,1,19,38,481.434814453125,5.8045735359191895,1.88197922706604
939,1,19,39,631.34130859375,26.790328979492188,1.8762073516845703
940,1,19,40,362.1873779296875,23.419754028320312,1.877541422843933
941,1,19,41,829.567626953125,28.656261444091797,1.8783413171768188
942,1,19,42,590.2598266601562,28.866540908813477,1.8776335716247559
943,1,19,43,972.223388671875,31.47113609313965,1.8763670921325684
944,1,19,44,466.9903564453125,25.665124893188477,1.8772168159484863
945,1,19,45,210.1262969970703,20.1556453704834,1.8746929168701172
946,1,19,46,414.55126953125,25.513214111328125,1.8794418573379517
947,1,19,47,366.8887023925781,16.457223892211914,1.878506064414978
948,1,19,48,810.308349609375,29.987953186035156,1.8771426677703857
949,1,19,49,800.1011962890625,30.007509231567383,1.8773573637008667
950,1,19,50,931.12744140625,32.42123031616211,1.8765428066253662
951,1,20,1,676.4133911132812,28.273252487182617,1.8710036277770996
952,1,20,2,294.7289733886719,19.451051712036133,1.8732026815414429
953,1,20,3,772.89794921875,32.057926177978516,1.8711472749710083
954,1,20,4,941.3594360351562,30.98770523071289,1.8709813356399536
955,1,20,5,494.8145751953125,26.439281463623047,1.8710250854492188
956,1,20,6,246.26890563964844,18.27332878112793,1.8702551126480103
957,1,20,7,1152.6273193359375,31.20614242553711,1.8705576658248901
958,1,20,8,296.0549621582031,26.043495178222656,1.8711817264556885
959,1,20,9,668.2267456054688,28.0052547454834,1.8707389831542969
960,1,20,10,608.83154296875,28.38446617126465,1.8701709508895874
961,1,20,11,814.0938110351562,0.19895650446414948,1.8729745149612427
962,1,20,12,922.8603515625,32.7861213684082,1.8694257736206055
963,1,20,13,702.654296875,29.12458038330078,1.8692631721496582
964,1,20,14,597.88720703125,25.266958236694336,1.8709629774093628
965,1,20,15,639.9179077148438,28.097763061523438,1.8723409175872803
966,1,20,16,476.7872619628906,27.393075942993164,1.8703486919403076
967,1,20,17,413.66790771484375,27.848873138427734,1.871623158454895
968,1,20,18,868.5809326171875,31.100675582885742,1.870092511177063
969,1,20,19,524.1000366210938,3.9661800861358643,1.8747469186782837
970,1,20,20,760.069091796875,29.653242111206055,1.8718388080596924
971,1,20,21,343.3042297363281,23.532615661621094,1.8721390962600708
972,1,20,22,699.2703857421875,28.9345703125,1.8712769746780396
973,1,20,23,231.96768188476562,15.018531799316406,1.8722203969955444
974,1,20,24,250.56454467773438,12.662270545959473,1.8707678318023682
975,1,20,25,173.8894805908203,18.788488388061523,1.8696681261062622
976,1,20,26,785.6004028320312,29.683555603027344,1.870036005973816
977,1,20,27,374.0639953613281,22.030458450317383,1.8699911832809448
978,1,20,28,678.5074462890625,27.569656372070312,1.870174765586853
979,1,20,29,384.11859130859375,23.336395263671875,1.8724219799041748
980,1,20,30,224.9961700439453,15.357440948486328,1.872196078300476
981,1,20,31,890.357177734375,31.824369430541992,1.8698703050613403
982,1,20,32,482.01544189453125,6.857270240783691,1.8747899532318115
983,1,20,33,798.418701171875,30.274961471557617,1.8703360557556152
984,1,20,34,708.5324096679688,29.350454330444336,1.871797800064087
985,1,20,35,387.3157043457031,7.315107345581055,1.8731337785720825
986,1,20,36,252.83290100097656,19.372549057006836,1.8707143068313599
987,1,20,37,263.2366638183594,14.189579010009766,1.8724931478500366
988,1,20,38,526.2603149414062,5.71566915512085,1.8764688968658447
989,1,20,39,587.1591186523438,26.4350528717041,1.8697328567504883
990,1,20,40,347.8162841796875,23.048471450805664,1.871237874031067
991,1,20,41,774.916259765625,28.445432662963867,1.8720779418945312
992,1,20,42,548.9696655273438,28.626205444335938,1.8712620735168457
993,1,20,43,910.0772705078125,31.218915939331055,1.8698914051055908
994,1,20,44,432.9468078613281,25.375221252441406,1.870854139328003
995,1,20,45,213.09085083007812,19.969764709472656,1.8680529594421387
996,1,20,46,387.4842529296875,25.43425178527832,1.8732924461364746
997,1,20,47,398.2779846191406,16.087535858154297,1.8723115921020508
998,1,20,48,754.4307250976562,29.89931869506836,1.8707375526428223
999,1,20,49,746.2037353515625,29.69631576538086,1.8709912300109863
1000,1,20,50,872.9078369140625,32.28078842163086,1.8701128959655762
